 
[
  {
    "id": 1,
    "nom": "Cache forêt",
    "latitude": 47.1,
    "longitude": -1.6
  },
  {
    "id": 2,
    "nom": "Cache urbaine",
    "latitude": 45.5,
    "longitude": -73.6
  },
  {
    "id": 3,
    "nom": "Cache montagne",
    "latitude": 46.8,
    "longitude": -71.2
  },
  {
    "id": 4,
    "nom": "Cache du vieux port",
    "latitude": 48.4,
    "longitude": -71.0
  },
  {
    "id": 5,
    "nom": "Cache rivière nord",
    "latitude": 49.2,
    "longitude": -70.3
  },
  {
    "id": 6,
    "nom": "Cache du moulin",
    "latitude": 46.2,
    "longitude": -72.0
  },
  {
    "id": 7,
    "nom": "Cache de la chute",
    "latitude": 47.9,
    "longitude": -69.8
  },
  {
    "id": 8,
    "nom": "Cache plage secrète",
    "latitude": 44.6,
    "longitude": -63.6
  },
  {
    "id": 9,
    "nom": "Cache du belvédère",
    "latitude": 45.9,
    "longitude": -74.1
  },
  {
    "id": 10,
    "nom": "Cache colline verte",
    "latitude": 46.6,
    "longitude": -70.7
  }
]
